{
    "aux_max_vals": [
        198.0,
        135.0
    ],
    "aux_min_vals": [
        108.0,
        58.0
    ],
    "main_max_vals": [
        207.62192803730227,
        247.7961289525011,
        184.7014810321328,
        27.477434982723068,
        22.29725810720435,
        23.12790906576299
    ],
    "main_min_vals": [
        -194.659775136018,
        -243.49776648768002,
        -219.7311223755854,
        -26.96125208514013,
        -9.671466334530601,
        -17.687992770880847
    ]
}
