{
    "a": 1,
    "b": [
        8.027554386408831e-05,
        0.00024052477630890425,
        0.00039562794163626827,
        0.0005373009509351084,
        0.0006530169109279792,
        0.0007256466729356313,
        0.0007345929844575409,
        0.0006585179158635862,
        0.00047944184780299767,
        0.0001876727515029214,
        -0.00021323816868336644,
        -0.0007024738576872162,
        -0.0012398319694830592,
        -0.0017663268252819907,
        -0.002208022008541901,
        -0.002483167053765135,
        -0.0025122013997692116,
        -0.0022296724026591806,
        -0.0015966676543276027,
        -0.0006120582763667782,
        0.0006792509379791114,
        0.0021827296518857242,
        0.0037565673688024427,
        0.005220627541566921,
        0.006371910866761557,
        0.00700557849303869,
        0.00693975989008527,
        0.006041675968309959,
        0.004252145810547275,
        0.00160539382857453,
        -0.0017587207420671944,
        -0.0055923630867860084,
        -0.009548691645718147,
        -0.013202424487844748,
        -0.016081030627742028,
        -0.017704322965966926,
        -0.017629133242573137,
        -0.015494942353016758,
        -0.01106593016701736,
        -0.004264965960892026,
        0.00480439790169391,
        0.015850876088891994,
        0.0284049399797043,
        0.04184486202237582,
        0.05543768169418947,
        0.0683919186954104,
        0.07991759235629838,
        0.0892882561427275,
        0.09589942225818306,
        0.09931797910292856,
        0.09931797910292856,
        0.09589942225818306,
        0.0892882561427275,
        0.07991759235629838,
        0.06839191869541039,
        0.05543768169418947,
        0.04184486202237582,
        0.0284049399797043,
        0.015850876088891994,
        0.00480439790169391,
        -0.004264965960892025,
        -0.01106593016701736,
        -0.015494942353016754,
        -0.017629133242573137,
        -0.017704322965966926,
        -0.016081030627742028,
        -0.013202424487844741,
        -0.009548691645718145,
        -0.005592363086786008,
        -0.0017587207420671944,
        0.0016053938285745296,
        0.004252145810547274,
        0.006041675968309958,
        0.00693975989008527,
        0.007005578493038686,
        0.006371910866761555,
        0.005220627541566921,
        0.0037565673688024436,
        0.002182729651885723,
        0.0006792509379791112,
        -0.0006120582763667782,
        -0.0015966676543276014,
        -0.0022296724026591793,
        -0.0025122013997692116,
        -0.002483167053765135,
        -0.002208022008541898,
        -0.00176632682528199,
        -0.0012398319694830592,
        -0.0007024738576872162,
        -0.0002132381686833663,
        0.00018767275150292125,
        0.00047944184780299767,
        0.0006585179158635862,
        0.0007345929844575403,
        0.000725646672935631,
        0.0006530169109279792,
        0.0005373009509351077,
        0.00039562794163626827,
        0.00024052477630890409,
        8.027554386408831e-05
    ],
    "filter_delay": 50,
    "filter_win_len": 100,
    "off_delay": 3,
    "start_buffer": 3,
    "strike_delay": 5,
    "wn": 0.1
}
