{
    "aux_max_vals": [
        97.0,
        66.0
    ],
    "aux_min_vals": [
        55.0,
        29.0
    ],
    "main_max_vals": [
        131.05461554720654,
        184.0030734693247,
        149.6761607617667,
        26.86532159547587,
        21.680663721297577,
        8.76254647544786
    ],
    "main_min_vals": [
        -123.8262031967544,
        -106.1872957544278,
        -93.173879583972,
        -24.52714367954474,
        -10.096964464454105,
        -8.01914400510916
    ]
}
