{
    "aux_max_vals": [
        97.0,
        66.0
    ],
    "aux_min_vals": [
        55.0,
        29.0
    ],
    "main_max_vals": [
        115.11974230248708,
        149.3170095260012,
        97.86294419361357,
        27.28424640521919,
        16.575323485302356,
        10.041771325070789
    ],
    "main_min_vals": [
        -123.4906725118797,
        -112.40401436617817,
        -117.04233403883512,
        -24.041998198289665,
        -7.287526157698938,
        -12.891193373512852
    ]
}
