{
    "aux_max_vals": [
        198.0,
        135.0
    ],
    "aux_min_vals": [
        108.0,
        58.0
    ],
    "main_max_vals": [
        202.471107374795,
        250.82672975566757,
        192.803651946678,
        27.57440405596763,
        22.46470028880187,
        22.810236387092203
    ],
    "main_min_vals": [
        -193.6578454373955,
        -241.61410380193342,
        -220.23740073563366,
        -27.028111293245093,
        -10.071104865731032,
        -12.797919366577153
    ]
}
